NaN,1,2,3,4,5,6,7,8,9,10,11,12,13,14,15,16,17,18,19,20,21,22,23,24,25,26,27,28,29,30,31,32,33,34,35,36,37,38,39,40,41,42
1,2.192e-14,6.678e-17,2.269e-18,1.113e-23,1.191e-26,4.207e-31,0,0,0,0,0,0,0,0,0,0,0,0,0,0,0,0,0,0,0,2.549e-36,0,1.079e-14,8.325e-18,1.088e-16,0,3.114e-18,0,7.09e-20,4.072e-21,1.414e-21,6.904e-27,0,0,0,0,0
1.007,2.198e-14,6.69e-17,2.293e-18,1.265e-23,1.391e-26,5.249e-31,0,0,0,0,0,0,0,0,0,0,0,0,0,0,0,0,0,0,0,2.542e-36,0,1.083e-14,8.381e-18,1.101e-16,0,3.209e-18,0,7.447e-20,4.302e-21,1.515e-21,7.901e-27,0,0,0,0,0
1.027,2.215e-14,6.725e-17,2.366e-18,1.84e-23,2.192e-26,1.003e-30,0,0,0,0,0,0,0,0,0,0,0,0,0,0,0,0,0,0,0,2.52e-36,0,1.094e-14,8.551e-18,1.14e-16,0,3.505e-18,0,8.602e-20,5.055e-21,1.851e-21,1.172e-26,0,0,0,0,0
1.06,2.243e-14,6.782e-17,2.49e-18,3.334e-23,4.518e-26,2.812e-30,0,0,0,0,0,0,0,0,0,0,0,0,0,0,0,0,0,0,0,2.484e-36,0,1.111e-14,8.835e-18,1.207e-16,0,4.037e-18,0,1.083e-19,6.548e-21,2.546e-21,2.191e-26,0,0,0,0,0
1.107,2.281e-14,6.862e-17,2.668e-18,7.224e-23,1.163e-25,1.08e-29,0,0,0,0,0,0,0,0,0,0,0,0,0,0,0,0,0,0,0,2.436e-36,0,1.136e-14,9.236e-18,1.301e-16,0,4.863e-18,0,1.466e-19,9.219e-21,3.864e-21,4.949e-26,0,0,0,0,0
1.168,2.33e-14,6.965e-17,2.905e-18,1.787e-22,3.545e-25,5.265e-29,0,0,0,0,0,0,0,0,0,0,0,0,0,0,0,0,0,0,0,2.378e-36,0,1.167e-14,9.758e-18,1.422e-16,0,6.066e-18,0,2.101e-19,1.387e-20,6.318e-21,1.286e-25,0,0,0,0,0
1.242,2.389e-14,7.092e-17,3.211e-18,4.815e-22,1.211e-24,3.002e-28,0,0,0,0,0,0,0,0,0,0,0,0,0,0,0,0,0,0,0,2.311e-36,0,1.206e-14,1.04e-17,1.572e-16,0,7.756e-18,0,3.128e-19,2.191e-20,1.086e-20,3.658e-25,0,0,0,0,0
1.329,2.458e-14,7.244e-17,3.603e-18,1.353e-21,4.404e-24,1.859e-27,0,0,0,0,0,0,0,0,0,0,0,0,0,0,0,0,0,0,0,2.237e-36,0,1.252e-14,1.118e-17,1.748e-16,0,1.006e-17,0,4.763e-19,3.565e-20,1.917e-20,1.089e-24,0,0,0,0,0
1.43,2.537e-14,7.427e-17,4.108e-18,3.824e-21,1.633e-23,1.173e-26,0,0,0,0,0,0,0,0,0,0,0,0,0,0,0,0,0,0,0,2.158e-36,0,1.306e-14,1.21e-17,1.948e-16,0,1.313e-17,0,7.302e-19,5.881e-20,3.411e-20,3.264e-24,0,0,0,0,0
1.544,2.626e-14,7.645e-17,4.771e-18,1.057e-20,5.956e-23,7.172e-26,0,0,0,0,0,0,0,0,0,0,0,0,0,0,0,0,0,0,0,2.074e-36,0,1.368e-14,1.316e-17,2.17e-16,0,1.71e-17,0,1.113e-18,9.689e-20,6.017e-20,9.565e-24,0,0,0,0,0
1.671,2.726e-14,7.907e-17,5.658e-18,2.803e-20,2.082e-22,4.095e-25,0,0,0,0,0,0,0,0,0,0,0,0,0,0,0,0,0,0,0,1.987e-36,0,1.439e-14,1.437e-17,2.407e-16,0,2.206e-17,0,1.67e-18,1.575e-19,1.04e-19,2.681e-23,0,0,0,0,0
1.812,2.837e-14,8.224e-17,6.861e-18,7.024e-20,6.844e-22,2.129e-24,0,0,0,0,0,0,0,0,0,0,0,0,0,0,0,0,0,0,0,1.897e-36,0,1.521e-14,1.573e-17,2.653e-16,0,2.808e-17,0,2.447e-18,2.504e-19,1.745e-19,7.087e-23,0,0,0,0,0
1.966,2.959e-14,8.608e-17,8.495e-18,1.651e-19,2.09e-21,9.929e-24,0,0,0,0,0,0,0,0,0,0,0,0,0,0,0,0,0,0,0,1.806e-36,0,1.613e-14,1.723e-17,2.899e-16,0,3.512e-17,0,3.486e-18,3.864e-19,2.83e-19,1.751e-22,0,0,0,0,0
2.134,3.092e-14,9.064e-17,1.067e-17,3.615e-19,5.877e-21,4.165e-23,2.157e-27,6.66e-31,2.782e-37,1.258e-41,0,0,0,0,0,0,0,0,0,0,0,0,0,0,0,1.714e-36,0,1.714e-14,1.884e-17,3.134e-16,0,4.284e-17,0,4.789e-18,5.741e-19,4.404e-19,4.01e-22,0,0,0,0,0
2.315,3.237e-14,9.611e-17,1.356e-17,7.425e-19,1.525e-20,1.534e-22,1.358e-26,7.83e-30,6.194e-36,5.416e-40,0,0,0,0,0,0,0,0,0,0,0,0,0,0,0,1.62e-36,0,1.826e-14,2.054e-17,3.352e-16,0,5.143e-17,0,6.401e-18,8.274e-19,6.618e-19,8.581e-22,0,0,0,0,0
2.51,3.391e-14,1.025e-16,1.727e-17,1.427e-18,3.648e-20,5.043e-22,7.403e-26,7.721e-29,1.124e-34,1.839e-38,0,0,0,0,0,0,0,0,0,0,0,0,0,0,0,1.528e-36,0,1.947e-14,2.229e-17,3.544e-16,0,6.04e-17,0,8.279e-18,1.149e-18,9.568e-19,1.71e-21,0,0,0,0,0
2.718,3.552e-14,1.099e-16,2.184e-17,2.575e-18,8.065e-20,1.487e-21,3.511e-25,6.395e-28,1.665e-33,4.907e-37,0,0,0,0,0,0,0,0,0,0,0,0,0,0,0,1.438e-36,0,2.075e-14,2.404e-17,3.704e-16,0,6.942e-17,0,1.037e-17,1.541e-18,1.332e-18,3.186e-21,0,0,0,0,0
2.94,3.718e-14,1.182e-16,2.73e-17,4.379e-18,1.656e-19,3.963e-21,1.458e-24,4.476e-27,2.026e-32,1.03e-35,0,0,0,0,0,0,0,0,0,0,0,0,0,0,0,1.35e-36,0,2.207e-14,2.574e-17,3.831e-16,0,7.817e-17,0,1.262e-17,1.996e-18,1.791e-18,5.572e-21,0,0,0,0,0
3.174,3.886e-14,1.274e-16,3.359e-17,7.058e-18,3.173e-19,9.622e-21,5.354e-24,2.669e-26,2.05e-31,1.715e-34,0,0,0,0,0,0,0,0,0,0,0,0,0,0,0,1.267e-36,0,2.341e-14,2.735e-17,3.923e-16,0,8.638e-17,0,1.493e-17,2.506e-18,2.331e-18,9.195e-21,0,0,0,0,0
3.423,4.053e-14,1.374e-16,4.059e-17,1.083e-17,5.711e-19,2.146e-20,1.755e-23,1.37e-25,1.749e-30,2.286e-33,0,0,0,0,0,0,0,0,0,0,0,0,0,0,0,1.188e-36,0,2.473e-14,2.883e-17,3.982e-16,0,9.384e-17,0,1.724e-17,3.055e-18,2.945e-18,1.44e-20,0,0,0,0,0
3.685,4.218e-14,1.481e-16,4.813e-17,1.591e-17,9.713e-19,4.433e-20,5.186e-23,6.124e-25,1.279e-29,2.474e-32,0,0,0,0,0,0,0,0,0,0,0,0,0,0,0,1.116e-36,0,2.602e-14,3.016e-17,4.012e-16,0,1.004e-16,0,1.948e-17,3.631e-18,3.622e-18,2.149e-20,0,0,0,0,0
3.96,4.377e-14,1.595e-16,5.604e-17,2.247e-17,1.57e-18,8.551e-20,1.396e-22,2.409e-24,8.14e-29,2.201e-31,0,0,0,0,0,0,0,0,0,0,0,0,0,0,0,1.048e-36,0,2.726e-14,3.134e-17,4.018e-16,0,1.061e-16,0,2.16e-17,4.216e-18,4.351e-18,3.076e-20,0,0,0,0,0
4.248,4.53e-14,1.714e-16,6.413e-17,3.067e-17,2.425e-18,1.552e-19,3.458e-22,8.435e-24,4.567e-28,1.635e-30,0,0,0,0,0,0,0,0,0,0,0,0,0,0,0,9.872e-37,0,2.844e-14,3.235e-17,4.004e-16,0,1.109e-16,0,2.356e-17,4.798e-18,5.118e-18,4.241e-20,0,0,0,0,0
4.55,4.675e-14,1.839e-16,7.222e-17,4.06e-17,3.597e-18,2.668e-19,7.949e-22,2.657e-23,2.284e-27,1.028e-29,0,0,0,0,0,0,0,0,0,0,0,0,0,0,0,9.317e-37,0,2.954e-14,3.32e-17,3.974e-16,0,1.148e-16,0,2.534e-17,5.365e-18,5.91e-18,5.656e-20,0,0,0,0,0
4.866,4.813e-14,1.969e-16,8.016e-17,5.233e-17,5.15e-18,4.371e-19,1.71e-21,7.601e-23,1.026e-26,5.549e-29,0,0,0,0,0,0,0,0,0,0,0,0,0,0,0,8.817e-37,0,3.056e-14,3.39e-17,3.933e-16,0,1.179e-16,0,2.693e-17,5.907e-18,6.715e-18,7.325e-20,0,0,0,0,0
5.195,4.942e-14,2.103e-16,8.783e-17,6.59e-17,7.144e-18,6.865e-19,3.468e-21,1.994e-22,4.17e-26,2.605e-28,0,0,0,0,0,0,0,0,0,0,0,0,0,0,0,8.369e-37,0,3.15e-14,3.448e-17,3.885e-16,0,1.203e-16,0,2.833e-17,6.419e-18,7.523e-18,9.246e-20,0,0,0,0,0
5.537,5.065e-14,2.244e-16,9.529e-17,8.144e-17,9.652e-18,1.041e-18,6.803e-21,5.044e-22,1.865e-25,1.925e-27,4.841e-31,0,0,0,0,0,0,0,0,0,0,0,0,0,0,7.961e-37,0,3.239e-14,3.495e-17,3.828e-16,0,1.223e-16,0,2.961e-17,6.909e-18,8.339e-18,1.143e-19,0,0,0,0,0
5.893,5.177e-14,2.386e-16,1.022e-16,9.865e-17,1.27e-17,1.523e-18,1.246e-20,1.132e-21,6.375e-25,7.729e-27,3.258e-30,0,0,0,0,0,0,0,0,0,0,0,0,0,0,7.603e-37,0,3.318e-14,3.53e-17,3.772e-16,0,1.236e-16,0,3.066e-17,7.348e-18,9.128e-18,1.382e-19,0,0,0,0,0
6.262,5.282e-14,2.533e-16,1.086e-16,1.176e-16,1.636e-17,2.162e-18,2.191e-20,2.387e-21,2.009e-24,2.829e-26,1.919e-29,0,0,0,0,0,0,0,0,0,0,0,0,0,0,7.283e-37,0,3.39e-14,3.556e-17,3.715e-16,0,1.246e-16,0,3.156e-17,7.75e-18,9.899e-18,1.643e-19,0,0,0,0,0
6.644,5.38e-14,2.684e-16,1.145e-16,1.384e-16,2.067e-17,2.991e-18,3.712e-20,4.755e-21,5.866e-24,9.51e-26,9.992e-29,0,0,0,0,0,0,0,0,0,0,0,0,0,0,6.998e-37,0,3.455e-14,3.575e-17,3.659e-16,0,1.252e-16,0,3.232e-17,8.114e-18,1.065e-17,1.924e-19,0,0,0,0,0
7.04,5.47e-14,2.839e-16,1.199e-16,1.607e-16,2.567e-17,4.042e-18,6.08e-20,8.998e-21,1.593e-23,2.955e-25,4.645e-28,0,0,0,0,0,0,0,0,0,0,0,0,0,0,6.743e-37,0,3.515e-14,3.587e-17,3.604e-16,0,1.255e-16,0,3.296e-17,8.444e-18,1.137e-17,2.222e-19,0,0,0,0,0
7.45,5.555e-14,2.998e-16,1.249e-16,1.847e-16,3.141e-17,5.351e-18,9.663e-20,1.626e-20,4.046e-23,8.538e-25,1.944e-27,0,0,0,0,0,0,0,0,0,0,0,0,0,0,6.516e-37,0,3.569e-14,3.595e-17,3.551e-16,0,1.257e-16,0,3.35e-17,8.74e-18,1.207e-17,2.536e-19,0,0,0,0,0
7.872,5.633e-14,3.161e-16,1.294e-16,2.103e-16,3.791e-17,6.954e-18,1.494e-19,2.816e-20,9.652e-23,2.306e-24,7.388e-27,0,0,0,0,0,0,0,0,0,0,0,0,0,0,6.312e-37,0,3.617e-14,3.598e-17,3.5e-16,0,1.256e-16,0,3.395e-17,9.004e-18,1.274e-17,2.864e-19,0,0,0,0,0
8.309,5.706e-14,3.329e-16,1.334e-16,2.373e-16,4.521e-17,8.886e-18,2.251e-19,4.694e-20,2.173e-22,5.852e-24,2.567e-26,0,0,0,0,0,0,0,0,0,0,0,0,0,0,6.13e-37,0,3.662e-14,3.599e-17,3.452e-16,0,1.255e-16,0,3.432e-17,9.24e-18,1.339e-17,3.205e-19,0,0,0,0,0
8.758,5.775e-14,3.501e-16,1.371e-16,2.658e-16,5.333e-17,1.119e-17,3.314e-19,7.558e-20,4.637e-22,1.401e-23,8.211e-26,0,0,0,0,0,0,0,0,0,0,0,0,0,0,5.966e-37,0,3.703e-14,3.596e-17,3.406e-16,0,1.252e-16,0,3.463e-17,9.45e-18,1.401e-17,3.557e-19,0,0,0,0,0
9.221,5.838e-14,3.677e-16,1.404e-16,2.956e-16,6.23e-17,1.389e-17,4.774e-19,1.179e-19,9.42e-22,3.181e-23,2.433e-25,0,0,0,0,0,0,0,0,0,0,0,0,0,0,5.819e-37,0,3.739e-14,3.591e-17,3.363e-16,0,1.249e-16,0,3.487e-17,9.635e-18,1.46e-17,3.919e-19,0,0,0,0,0
9.698,5.896e-14,3.856e-16,1.432e-16,3.264e-16,7.205e-17,1.701e-17,6.771e-19,1.802e-19,1.875e-21,7.102e-23,7.173e-25,0,0,0,0,0,0,0,0,0,0,0,0,0,0,5.69e-37,0,3.772e-14,3.584e-17,3.324e-16,0,1.245e-16,0,3.504e-17,9.793e-18,1.516e-17,4.287e-19,0,0,0,0,0
10.19,5.952e-14,4.042e-16,1.458e-16,3.588e-16,8.277e-17,2.064e-17,9.38e-19,2.658e-19,3.478e-21,1.458e-22,1.849e-24,0,0,0,0,0,0,0,0,0,0,0,0,0,0,5.57e-37,0,3.803e-14,3.576e-17,3.286e-16,0,1.24e-16,0,3.52e-17,9.938e-18,1.571e-17,4.666e-19,0,0,0,0,0
10.69,6.005e-14,4.232e-16,1.481e-16,3.924e-16,9.439e-17,2.478e-17,1.277e-18,3.827e-19,6.21e-21,2.871e-22,4.493e-24,0,0,0,0,0,0,0,0,0,0,0,0,0,0,5.461e-37,0,3.831e-14,3.567e-17,3.251e-16,0,1.236e-16,0,3.531e-17,1.006e-17,1.623e-17,5.053e-19,0,0,0,0,0
11.21,6.054e-14,4.427e-16,1.502e-16,4.272e-16,1.069e-16,2.947e-17,1.711e-18,5.392e-19,1.07e-20,5.435e-22,1.034e-23,0,0,0,0,0,0,0,0,0,0,0,0,0,0,5.363e-37,0,3.857e-14,3.558e-17,3.217e-16,0,1.231e-16,0,3.54e-17,1.017e-17,1.673e-17,5.446e-19,0,0,0,0,0
11.74,6.101e-14,4.627e-16,1.52e-16,4.63e-16,1.204e-16,3.475e-17,2.258e-18,7.447e-19,1.786e-20,9.924e-22,2.265e-23,0,0,0,0,0,0,0,0,0,0,0,0,0,0,5.273e-37,0,3.88e-14,3.548e-17,3.186e-16,0,1.226e-16,0,3.546e-17,1.027e-17,1.722e-17,5.846e-19,0,0,0,0,0
12.28,6.145e-14,4.833e-16,1.536e-16,4.999e-16,1.347e-16,4.063e-17,2.949e-18,1.016e-18,2.939e-20,1.791e-21,4.899e-23,0,0,0,0,0,0,0,0,0,0,0,0,0,0,5.194e-37,0,3.902e-14,3.536e-17,3.155e-16,0,1.221e-16,0,3.55e-17,1.035e-17,1.768e-17,6.253e-19,0,0,0,0,0
12.84,6.188e-14,5.046e-16,1.55e-16,5.382e-16,1.501e-16,4.723e-17,3.812e-18,1.366e-18,4.735e-20,3.163e-21,1.026e-22,0,0,0,0,0,0,0,0,0,0,0,0,0,0,5.114e-37,0,3.923e-14,3.526e-17,3.129e-16,1.515e-26,1.216e-16,1.01e-26,3.553e-17,1.043e-17,1.814e-17,6.671e-19,1.152e-28,0,0,0,0
13.41,6.228e-14,5.261e-16,1.563e-16,5.766e-16,1.659e-16,5.422e-17,4.862e-18,1.815e-18,7.674e-20,5.673e-21,2.215e-22,9.316e-29,0,0,0,0,0,0,0,0,0,0,0,0,0,5.046e-37,2.241e-26,3.942e-14,3.515e-17,3.103e-16,4.22e-25,1.212e-16,2.143e-25,3.554e-17,1.049e-17,1.858e-17,7.092e-19,1.741e-25,3.122e-26,0,0,0
13.99,6.265e-14,5.479e-16,1.574e-16,6.155e-16,1.827e-16,6.217e-17,6.171e-18,2.383e-18,1.187e-19,9.582e-21,4.375e-22,2.732e-27,1.847e-27,2.731e-27,1.274e-28,0,0,0,0,0,0,0,0,0,0,4.984e-37,8.403e-26,3.959e-14,3.504e-17,3.08e-16,1.402e-24,1.206e-16,6.834e-25,3.552e-17,1.054e-17,1.9e-17,7.515e-19,6.116e-25,3.889e-25,0,0,0
14.59,6.302e-14,5.714e-16,1.582e-16,6.572e-16,2.013e-16,7.098e-17,7.739e-18,3.089e-18,1.822e-19,1.606e-20,8.53e-22,1.058e-26,1.525e-26,5.634e-26,1.309e-26,2.468e-27,1.858e-27,7.228e-28,9.548e-28,2.067e-29,0,0,0,0,0,4.93e-37,2.31e-25,3.974e-14,3.491e-17,3.056e-16,4.023e-24,1.201e-16,1.951e-24,3.548e-17,1.059e-17,1.942e-17,7.962e-19,1.739e-24,1.227e-24,6.473e-26,0,0
15.2,6.336e-14,5.949e-16,1.59e-16,6.99e-16,2.202e-16,8.034e-17,9.457e-18,3.869e-18,2.57e-19,2.416e-20,1.427e-21,2.693e-26,4.036e-26,1.507e-25,3.596e-26,6.796e-27,5.181e-27,2.037e-27,2.706e-27,5.908e-29,0,0,0,0,0,4.877e-37,5.522e-25,3.989e-14,3.479e-17,3.034e-16,9.507e-24,1.197e-16,4.582e-24,3.545e-17,1.063e-17,1.982e-17,8.403e-19,4.151e-24,3.058e-24,1.824e-25,0,0
15.83,6.369e-14,6.19e-16,1.597e-16,7.416e-16,2.401e-16,9.046e-17,1.145e-17,4.796e-18,3.565e-19,3.565e-20,2.328e-21,6.511e-26,1.013e-25,3.816e-25,9.334e-26,1.768e-26,1.363e-26,5.412e-27,7.227e-27,1.59e-28,0,0,0,0,0,4.828e-37,1.257e-24,4.003e-14,3.468e-17,3.014e-16,2.145e-23,1.192e-16,1.027e-23,3.54e-17,1.065e-17,2.02e-17,8.851e-19,9.447e-24,7.247e-24,4.847e-25,0,0
16.46,6.404e-14,6.424e-16,1.604e-16,7.826e-16,2.594e-16,1.01e-16,1.385e-17,5.947e-18,5.042e-19,5.433e-20,3.998e-21,1.637e-25,2.666e-25,1.015e-24,2.725e-25,5.861e-26,4.61e-26,2.353e-26,4.036e-26,1.308e-26,0,0,0,0,0,4.772e-37,3.011e-24,4.018e-14,3.457e-17,2.994e-16,5.096e-23,1.189e-16,2.43e-23,3.537e-17,1.068e-17,2.06e-17,9.298e-19,2.26e-23,1.78e-23,1.933e-24,2.712e-29,0
17.11,6.435e-14,6.677e-16,1.608e-16,8.268e-16,2.809e-16,1.127e-16,1.648e-17,7.222e-18,6.758e-19,7.705e-20,6.183e-21,3.561e-25,6.005e-25,2.304e-24,6.363e-25,1.384e-25,1.098e-25,5.707e-26,9.895e-26,3.316e-26,0,0,0,0,0,4.731e-37,6.204e-24,4.03e-14,3.445e-17,2.976e-16,1.043e-22,1.184e-16,4.949e-23,3.531e-17,1.069e-17,2.097e-17,9.761e-19,4.659e-23,3.797e-23,4.652e-24,7.489e-29,0
17.78,6.464e-14,6.937e-16,1.612e-16,8.718e-16,3.034e-16,1.251e-16,1.946e-17,8.695e-18,8.939e-19,1.076e-19,9.371e-21,7.442e-25,1.297e-24,5.013e-24,1.421e-24,3.128e-25,2.499e-25,1.322e-25,2.315e-25,8.006e-26,0,0,0,0,0,4.692e-37,1.23e-23,4.041e-14,3.434e-17,2.96e-16,2.059e-22,1.18e-16,9.719e-23,3.524e-17,1.07e-17,2.133e-17,1.023e-18,9.246e-23,7.782e-23,1.069e-23,1.957e-28,0
18.46,6.493e-14,7.204e-16,1.615e-16,9.176e-16,3.267e-16,1.384e-16,2.282e-17,1.039e-17,1.168e-18,1.481e-19,1.394e-20,1.497e-24,2.692e-24,1.048e-23,3.046e-24,6.782e-25,5.452e-25,2.931e-25,5.184e-25,1.847e-25,0,0,0,0,0,4.657e-37,2.354e-23,4.051e-14,3.422e-17,2.944e-16,3.924e-22,1.175e-16,1.844e-22,3.517e-17,1.071e-17,2.169e-17,1.072e-18,1.771e-22,1.537e-22,2.352e-23,4.858e-28,0
19.15,6.52e-14,7.478e-16,1.616e-16,9.643e-16,3.508e-16,1.524e-16,2.659e-17,1.232e-17,1.507e-18,2.011e-19,2.036e-20,2.909e-24,5.386e-24,2.11e-23,6.279e-24,1.414e-24,1.144e-24,6.244e-25,1.114e-24,4.081e-25,0,0,0,0,0,4.623e-37,4.354e-23,4.061e-14,3.411e-17,2.929e-16,7.24e-22,1.171e-16,3.388e-22,3.509e-17,1.072e-17,2.204e-17,1.121e-18,3.282e-22,2.93e-22,4.972e-23,1.15e-27,0
19.85,6.551e-14,7.777e-16,1.618e-16,1.015e-15,3.765e-16,1.67e-16,3.067e-17,1.447e-17,1.937e-18,2.734e-19,3.003e-20,5.73e-24,1.091e-23,4.299e-23,1.311e-23,2.994e-24,2.436e-24,1.355e-24,2.446e-24,9.336e-25,2.325e-26,2.237e-27,2.073e-29,0,0,4.587e-37,8.181e-23,4.072e-14,3.402e-17,2.91e-16,1.358e-21,1.167e-16,6.329e-22,3.508e-17,1.075e-17,2.243e-17,1.175e-18,6.179e-22,5.666e-22,1.058e-22,4.349e-27,2.043e-28
20.57,6.577e-14,8.065e-16,1.619e-16,1.063e-15,4.023e-16,1.825e-16,3.53e-17,1.692e-17,2.444e-18,3.614e-19,4.234e-20,1.039e-23,2.033e-23,8.053e-23,2.51e-23,5.799e-24,4.741e-24,2.676e-24,4.87e-24,1.909e-24,5.632e-26,5.61e-27,5.396e-29,0,0,4.558e-37,1.418e-22,4.081e-14,3.391e-17,2.897e-16,2.351e-21,1.162e-16,1.092e-21,3.499e-17,1.074e-17,2.277e-17,1.227e-18,1.073e-21,1.01e-21,2.068e-22,9.652e-27,5.278e-28
21.3,6.603e-14,8.361e-16,1.619e-16,1.112e-15,4.288e-16,1.989e-16,4.039e-17,1.966e-17,3.054e-18,4.721e-19,5.883e-20,1.832e-23,3.678e-23,1.464e-22,4.659e-23,1.089e-23,8.937e-24,5.116e-24,9.384e-24,3.771e-24,1.307e-25,1.344e-26,1.338e-28,0,0,4.53e-37,2.391e-22,4.089e-14,3.379e-17,2.884e-16,3.964e-21,1.158e-16,1.835e-21,3.49e-17,1.074e-17,2.312e-17,1.28e-18,1.815e-21,1.749e-21,3.912e-22,2.061e-26,1.3e-27
22.05,6.629e-14,8.665e-16,1.619e-16,1.162e-15,4.561e-16,2.161e-16,4.598e-17,2.272e-17,3.781e-18,6.102e-19,8.06e-20,3.145e-23,6.468e-23,2.586e-22,8.398e-23,1.985e-23,1.636e-23,9.487e-24,1.753e-23,7.214e-24,2.911e-25,3.083e-26,3.169e-28,0,0,4.504e-37,3.931e-22,4.097e-14,3.368e-17,2.871e-16,6.521e-21,1.154e-16,3.009e-21,3.481e-17,1.073e-17,2.347e-17,1.335e-18,2.992e-21,2.95e-21,7.178e-22,4.246e-26,3.06e-27
22.81,6.654e-14,8.977e-16,1.618e-16,1.213e-15,4.842e-16,2.341e-16,5.208e-17,2.61e-17,4.64e-18,7.805e-19,1.09e-19,5.263e-23,1.108e-22,4.449e-22,1.473e-22,3.52e-23,2.91e-23,1.71e-23,3.183e-23,1.339e-23,6.244e-25,6.792e-26,7.193e-28,0,0,4.479e-37,6.309e-22,4.105e-14,3.357e-17,2.859e-16,1.048e-20,1.15e-16,4.82e-21,3.471e-17,1.072e-17,2.382e-17,1.391e-18,4.817e-21,4.854e-21,1.28e-21,8.453e-26,6.908e-27
23.58,6.679e-14,9.297e-16,1.617e-16,1.264e-15,5.131e-16,2.528e-16,5.87e-17,2.983e-17,5.647e-18,9.886e-19,1.455e-19,8.604e-23,1.852e-22,7.465e-22,2.517e-22,6.082e-23,5.045e-23,3e-23,5.623e-23,2.417e-23,1.292e-24,1.441e-25,1.569e-27,0,0,4.455e-37,9.899e-22,4.112e-14,3.346e-17,2.847e-16,1.647e-20,1.146e-16,7.556e-21,3.462e-17,1.07e-17,2.417e-17,1.45e-18,7.584e-21,7.802e-21,2.221e-21,1.63e-25,1.499e-26
24.36,6.704e-14,9.606e-16,1.617e-16,1.31e-15,5.409e-16,2.719e-16,6.617e-17,3.406e-17,6.864e-18,1.257e-18,1.957e-19,1.408e-22,3.096e-22,1.253e-21,4.299e-22,1.05e-22,8.734e-23,5.255e-23,9.912e-23,4.346e-23,3.089e-24,2.635e-25,1.062e-26,1.509e-26,0,4.432e-37,1.557e-21,4.119e-14,3.33e-17,2.834e-16,2.597e-20,1.141e-16,1.188e-20,3.445e-17,1.067e-17,2.453e-17,1.509e-18,1.197e-20,1.256e-20,3.846e-21,3.134e-25,6.144e-26
25.16,6.729e-14,9.943e-16,1.615e-16,1.363e-15,5.713e-16,2.922e-16,7.39e-17,3.854e-17,8.22e-18,1.562e-18,2.548e-19,2.199e-22,4.936e-22,2.004e-21,6.994e-22,1.726e-22,1.44e-22,8.759e-23,1.662e-22,7.429e-23,6.062e-24,5.158e-25,2.227e-26,3.361e-26,0,4.41e-37,2.339e-21,4.126e-14,3.319e-17,2.823e-16,3.911e-20,1.137e-16,1.785e-20,3.435e-17,1.065e-17,2.489e-17,1.573e-18,1.805e-20,1.93e-20,6.337e-21,5.692e-25,1.275e-25
25.97,6.753e-14,1.029e-15,1.613e-16,1.417e-15,6.023e-16,3.133e-16,8.221e-17,4.34e-17,9.775e-18,1.924e-18,3.283e-19,3.369e-22,7.711e-22,3.14e-21,1.114e-21,2.778e-22,2.323e-22,1.428e-22,2.726e-22,1.241e-22,1.156e-23,9.789e-25,4.517e-26,7.226e-26,0,4.39e-37,3.449e-21,4.133e-14,3.308e-17,2.812e-16,5.786e-20,1.133e-16,2.635e-20,3.425e-17,1.063e-17,2.526e-17,1.64e-18,2.671e-20,2.908e-20,1.021e-20,1.007e-24,2.56e-25
26.8,6.778e-14,1.064e-15,1.61e-16,1.471e-15,6.342e-16,3.351e-16,9.109e-17,4.868e-17,1.155e-17,2.352e-18,4.188e-19,5.067e-22,1.182e-21,4.826e-21,1.739e-21,4.381e-22,3.672e-22,2.28e-22,4.378e-22,2.027e-22,2.144e-23,1.804e-24,8.884e-26,1.502e-25,0,4.37e-37,4.998e-21,4.139e-14,3.297e-17,2.802e-16,8.414e-20,1.129e-16,3.824e-20,3.415e-17,1.061e-17,2.565e-17,1.711e-18,3.886e-20,4.304e-20,1.612e-20,1.738e-24,4.987e-25
27.64,6.803e-14,1.1e-15,1.608e-16,1.526e-15,6.667e-16,3.576e-16,1.006e-16,5.438e-17,1.356e-17,2.854e-18,5.292e-19,7.49e-22,1.779e-21,7.284e-21,2.665e-21,6.78e-22,5.693e-22,3.571e-22,6.891e-22,3.243e-22,3.878e-23,3.233e-24,1.697e-25,3.026e-25,0,4.35e-37,7.123e-21,4.145e-14,3.286e-17,2.791e-16,1.204e-19,1.125e-16,5.461e-20,3.405e-17,1.059e-17,2.604e-17,1.786e-18,5.56e-20,6.262e-20,2.495e-20,2.932e-24,9.443e-25
28.49,6.827e-14,1.137e-15,1.605e-16,1.582e-15,6.999e-16,3.809e-16,1.106e-16,6.051e-17,1.582e-17,3.438e-18,6.626e-19,1.089e-21,2.632e-21,1.081e-20,4.011e-21,1.03e-21,8.67e-22,5.489e-22,1.065e-21,5.087e-22,6.843e-23,5.646e-24,3.153e-25,5.916e-25,0,4.331e-37,9.994e-21,4.152e-14,3.275e-17,2.781e-16,1.696e-19,1.122e-16,7.681e-20,3.395e-17,1.057e-17,2.646e-17,1.867e-18,7.835e-20,8.964e-20,3.79e-20,4.838e-24,1.74e-24
29.36,6.853e-14,1.175e-15,1.602e-16,1.639e-15,7.338e-16,4.048e-16,1.213e-16,6.709e-17,1.835e-17,4.113e-18,8.224e-19,1.56e-21,3.833e-21,1.577e-20,5.938e-21,1.54e-21,1.298e-21,8.291e-22,1.616e-21,7.835e-22,1.18e-22,9.62e-24,5.708e-25,1.124e-24,0,4.313e-37,1.382e-20,4.158e-14,3.264e-17,2.771e-16,2.356e-19,1.118e-16,1.065e-19,3.385e-17,1.056e-17,2.69e-17,1.954e-18,1.088e-19,1.264e-19,5.656e-20,7.818e-24,3.127e-24
30.23,6.878e-14,1.214e-15,1.599e-16,1.696e-15,7.684e-16,4.294e-16,1.326e-16,7.413e-17,2.117e-17,4.889e-18,1.012e-18,2.202e-21,5.497e-21,2.267e-20,8.651e-21,2.264e-21,1.912e-21,1.232e-21,2.411e-21,1.186e-21,1.991e-22,1.601e-23,1.008e-24,2.081e-24,0,4.294e-37,1.884e-20,4.164e-14,3.252e-17,2.761e-16,3.227e-19,1.114e-16,1.457e-19,3.375e-17,1.054e-17,2.736e-17,2.048e-18,1.49e-19,1.756e-19,8.303e-20,1.239e-23,5.484e-24
31.13,6.903e-14,1.257e-15,1.593e-16,1.762e-15,8.073e-16,4.577e-16,1.452e-16,8.203e-17,2.44e-17,5.82e-18,1.254e-18,3.134e-21,7.946e-21,3.284e-20,1.27e-20,3.353e-21,2.836e-21,1.842e-21,3.623e-21,1.805e-21,3.37e-22,2.67e-23,1.793e-24,3.985e-24,5.272e-27,4.28e-37,2.593e-20,4.169e-14,3.241e-17,2.753e-16,4.462e-19,1.11e-16,2.011e-19,3.364e-17,1.052e-17,2.788e-17,2.158e-18,2.059e-19,2.462e-19,1.227e-19,1.972e-23,9.686e-24
32.03,6.93e-14,1.298e-15,1.59e-16,1.821e-15,8.433e-16,4.837e-16,1.577e-16,9.001e-17,2.785e-17,6.829e-18,1.518e-18,4.3e-21,1.106e-20,4.582e-20,1.794e-20,4.778e-21,4.048e-21,2.65e-21,5.234e-21,2.641e-21,5.454e-22,4.253e-23,3.025e-24,7.037e-24,1.103e-26,4.262e-37,3.44e-20,4.176e-14,3.229e-17,2.743e-16,5.951e-19,1.106e-16,2.679e-19,3.355e-17,1.051e-17,2.842e-17,2.272e-18,2.744e-19,3.326e-19,1.744e-19,3.01e-23,1.624e-23
32.95,6.957e-14,1.34e-15,1.586e-16,1.881e-15,8.8e-16,5.103e-16,1.708e-16,9.847e-17,3.165e-17,7.967e-18,1.826e-18,5.827e-21,1.521e-20,6.31e-20,2.501e-20,6.718e-21,5.7e-21,3.761e-21,7.456e-21,3.807e-21,8.665e-22,6.642e-23,5e-24,1.216e-23,2.242e-26,4.245e-37,4.511e-20,4.182e-14,3.218e-17,2.732e-16,7.846e-19,1.102e-16,3.527e-19,3.346e-17,1.049e-17,2.9e-17,2.397e-18,3.615e-19,4.44e-19,2.445e-19,4.52e-23,2.668e-23
33.89,6.985e-14,1.382e-15,1.583e-16,1.942e-15,9.173e-16,5.375e-16,1.846e-16,1.074e-16,3.581e-17,9.245e-18,2.181e-18,7.807e-21,2.066e-20,8.585e-20,3.443e-20,9.324e-21,7.923e-21,5.266e-21,1.048e-20,5.412e-21,1.353e-21,1.019e-22,8.106e-24,2.057e-23,4.43e-26,4.226e-37,5.851e-20,4.189e-14,3.206e-17,2.722e-16,1.023e-18,1.098e-16,4.595e-19,3.338e-17,1.049e-17,2.964e-17,2.535e-18,4.71e-19,5.859e-19,3.382e-19,6.681e-23,4.302e-23
34.83,7.013e-14,1.426e-15,1.58e-16,2.003e-15,9.552e-16,5.653e-16,1.989e-16,1.168e-16,4.033e-17,1.067e-17,2.588e-18,1.034e-20,2.774e-20,1.154e-19,4.683e-20,1.278e-20,1.088e-20,7.282e-21,1.455e-20,7.592e-21,2.077e-21,1.535e-22,1.29e-23,3.411e-23,8.522e-26,4.209e-37,7.509e-20,4.195e-14,3.193e-17,2.711e-16,1.321e-18,1.094e-16,5.924e-19,3.331e-17,1.048e-17,3.034e-17,2.688e-18,6.073e-19,7.649e-19,4.62e-19,9.729e-23,6.811e-23
35.79,7.042e-14,1.47e-15,1.576e-16,2.065e-15,9.937e-16,5.936e-16,2.138e-16,1.267e-16,4.524e-17,1.226e-17,3.051e-18,1.356e-20,3.684e-20,1.535e-19,6.297e-20,1.733e-20,1.477e-20,9.95e-21,1.995e-20,1.052e-20,3.14e-21,2.275e-22,2.017e-23,5.551e-23,1.599e-25,4.191e-37,9.541e-20,4.202e-14,3.181e-17,2.701e-16,1.688e-18,1.089e-16,7.563e-19,3.325e-17,1.049e-17,3.111e-17,2.859e-18,7.753e-19,9.881e-19,6.237e-19,1.397e-22,1.06e-22
36.77,7.073e-14,1.515e-15,1.573e-16,2.128e-15,1.033e-15,6.224e-16,2.293e-16,1.371e-16,5.055e-17,1.401e-17,3.577e-18,1.761e-20,4.842e-20,2.02e-19,8.377e-20,2.322e-20,1.982e-20,1.344e-20,2.704e-20,1.439e-20,4.676e-21,3.32e-22,3.103e-23,8.875e-23,2.927e-25,4.173e-37,1.201e-19,4.209e-14,3.168e-17,2.69e-16,2.137e-18,1.085e-16,9.566e-19,3.32e-17,1.05e-17,3.195e-17,3.049e-18,9.804e-19,1.264e-18,8.324e-19,1.98e-22,1.623e-22
37.75,7.104e-14,1.561e-15,1.57e-16,2.191e-15,1.072e-15,6.517e-16,2.453e-16,1.48e-16,5.627e-17,1.594e-17,4.169e-18,2.265e-20,6.301e-20,2.632e-19,1.103e-19,3.08e-20,2.632e-20,1.796e-20,3.625e-20,1.948e-20,6.864e-21,4.774e-22,4.698e-23,1.395e-22,5.24e-25,4.155e-37,1.498e-19,4.217e-14,3.154e-17,2.679e-16,2.681e-18,1.08e-16,1.199e-18,3.317e-17,1.052e-17,3.289e-17,3.262e-18,1.229e-18,1.602e-18,1.099e-18,2.77e-22,2.448e-22
38.75,7.137e-14,1.608e-15,1.567e-16,2.255e-15,1.112e-15,6.815e-16,2.619e-16,1.594e-16,6.24e-17,1.806e-17,4.832e-18,2.886e-20,8.123e-20,3.397e-19,1.438e-19,4.043e-20,3.461e-20,2.376e-20,4.81e-20,2.607e-20,9.938e-21,6.767e-22,7.006e-23,2.157e-22,9.179e-25,4.135e-37,1.852e-19,4.225e-14,3.141e-17,2.668e-16,3.335e-18,1.076e-16,1.491e-18,3.315e-17,1.055e-17,3.393e-17,3.499e-18,1.526e-18,2.012e-18,1.436e-18,3.828e-22,3.637e-22
39.77,7.17e-14,1.649e-15,1.567e-16,2.311e-15,1.144e-15,7.033e-16,2.751e-16,1.691e-16,6.837e-17,2.025e-17,5.549e-18,3.664e-20,1.043e-19,4.365e-19,1.866e-19,5.282e-20,4.528e-20,3.127e-20,6.349e-20,3.469e-20,1.428e-20,9.512e-22,1.036e-22,3.31e-22,1.733e-24,4.116e-37,2.282e-19,4.234e-14,3.127e-17,2.655e-16,4.135e-18,1.071e-16,1.847e-18,3.317e-17,1.061e-17,3.507e-17,3.756e-18,1.89e-18,2.518e-18,1.867e-18,5.256e-22,5.36e-22
40.79,7.205e-14,1.697e-15,1.565e-16,2.376e-15,1.185e-15,7.337e-16,2.926e-16,1.813e-16,7.53e-17,2.274e-17,6.365e-18,4.589e-20,1.32e-19,5.53e-19,2.388e-19,6.802e-20,5.84e-20,4.055e-20,8.257e-20,4.547e-20,2.015e-20,1.313e-21,1.502e-22,4.964e-22,2.933e-24,4.096e-37,2.775e-19,4.243e-14,3.113e-17,2.643e-16,5.06e-18,1.066e-16,2.259e-18,3.32e-17,1.067e-17,3.634e-17,4.051e-18,2.31e-18,3.109e-18,2.393e-18,7.1e-22,7.745e-22
41.83,7.242e-14,1.745e-15,1.563e-16,2.441e-15,1.226e-15,7.644e-16,3.106e-16,1.939e-16,8.267e-17,2.545e-17,7.265e-18,5.704e-20,1.658e-19,6.95e-19,3.029e-19,8.684e-20,7.467e-20,5.212e-20,1.064e-19,5.904e-20,2.809e-20,1.789e-21,2.15e-22,7.342e-22,4.874e-24,4.076e-37,3.35e-19,4.252e-14,3.098e-17,2.63e-16,6.147e-18,1.061e-16,2.742e-18,3.326e-17,1.074e-17,3.775e-17,4.38e-18,2.802e-18,3.81e-18,3.039e-18,9.49e-22,1.105e-21
42.89,7.28e-14,1.795e-15,1.561e-16,2.506e-15,1.268e-15,7.954e-16,3.291e-16,2.07e-16,9.046e-17,2.836e-17,8.253e-18,7.037e-20,2.065e-19,8.665e-19,3.812e-19,1.099e-19,9.469e-20,6.643e-20,1.36e-19,7.597e-20,3.872e-20,2.411e-21,3.04e-22,1.072e-21,7.959e-24,4.054e-37,4.016e-19,4.262e-14,3.082e-17,2.617e-16,7.416e-18,1.055e-16,3.306e-18,3.335e-17,1.084e-17,3.931e-17,4.746e-18,3.375e-18,4.634e-18,3.828e-18,1.256e-21,1.558e-21
43.95,7.32e-14,1.845e-15,1.56e-16,2.572e-15,1.309e-15,8.267e-16,3.48e-16,2.205e-16,9.87e-17,3.15e-17,9.333e-18,8.621e-20,2.554e-19,1.072e-18,4.76e-19,1.381e-19,1.191e-19,8.398e-20,1.724e-19,9.692e-20,5.28e-20,3.214e-21,4.247e-22,1.545e-21,1.278e-23,4.036e-37,4.781e-19,4.273e-14,3.066e-17,2.604e-16,8.886e-18,1.05e-16,3.96e-18,3.347e-17,1.095e-17,4.103e-17,5.151e-18,4.038e-18,5.597e-18,4.782e-18,1.646e-21,2.171e-21
45.03,7.361e-14,1.895e-15,1.559e-16,2.637e-15,1.351e-15,8.583e-16,3.674e-16,2.345e-16,1.074e-16,3.485e-17,1.051e-17,1.049e-19,3.137e-19,1.317e-18,5.9e-19,1.721e-19,1.487e-19,1.053e-19,2.168e-19,1.226e-19,7.125e-20,4.239e-21,5.868e-22,2.2e-21,2.02e-23,4.013e-37,5.655e-19,4.284e-14,3.05e-17,2.59e-16,1.058e-17,1.044e-16,4.713e-18,3.364e-17,1.11e-17,4.294e-17,5.599e-18,4.799e-18,6.716e-18,5.929e-18,2.139e-21,2.992e-21
46.13,7.405e-14,1.946e-15,1.558e-16,2.703e-15,1.394e-15,8.9e-16,3.871e-16,2.488e-16,1.165e-16,3.843e-17,1.178e-17,1.268e-19,3.826e-19,1.607e-18,7.261e-19,2.13e-19,1.843e-19,1.312e-19,2.706e-19,1.54e-19,9.521e-20,5.534e-21,8.021e-22,3.096e-21,3.144e-23,3.987e-37,6.649e-19,4.297e-14,3.033e-17,2.576e-16,1.252e-17,1.038e-16,5.574e-18,3.385e-17,1.127e-17,4.503e-17,6.094e-18,5.67e-18,8.006e-18,7.296e-18,2.754e-21,4.081e-21
47.23,7.451e-14,1.998e-15,1.558e-16,2.769e-15,1.436e-15,9.218e-16,4.072e-16,2.636e-16,1.26e-16,4.224e-17,1.316e-17,1.523e-19,4.635e-19,1.948e-18,8.876e-19,2.617e-19,2.268e-19,1.621e-19,3.353e-19,1.918e-19,1.26e-19,7.157e-21,1.085e-21,4.311e-21,4.823e-23,3.962e-37,7.77e-19,4.31e-14,3.015e-17,2.561e-16,1.473e-17,1.032e-16,6.554e-18,3.411e-17,1.146e-17,4.733e-17,6.638e-18,6.659e-18,9.486e-18,8.915e-18,3.518e-21,5.512e-21
48.36,7.498e-14,2.049e-15,1.559e-16,2.835e-15,1.479e-15,9.537e-16,4.276e-16,2.786e-16,1.359e-16,4.628e-17,1.464e-17,1.819e-19,5.581e-19,2.347e-18,1.078e-18,3.193e-19,2.773e-19,1.991e-19,4.126e-19,2.373e-19,1.653e-19,9.171e-21,1.454e-21,5.939e-21,7.296e-23,3.939e-37,9.029e-19,4.324e-14,2.996e-17,2.545e-16,1.722e-17,1.026e-16,7.664e-18,3.443e-17,1.17e-17,4.984e-17,7.234e-18,7.775e-18,1.117e-17,1.082e-17,4.457e-21,7.372e-21
49.49,7.552e-14,2.105e-15,1.559e-16,2.899e-15,1.526e-15,9.898e-16,4.508e-16,2.961e-16,1.48e-16,5.121e-17,1.645e-17,2.199e-19,6.804e-19,2.861e-18,1.325e-18,3.944e-19,3.431e-19,2.473e-19,5.137e-19,2.969e-19,2.19e-19,1.187e-20,1.968e-21,8.263e-21,1.117e-22,3.916e-37,1.063e-18,4.34e-14,2.975e-17,2.529e-16,2.041e-17,1.019e-16,9.079e-18,3.486e-17,1.199e-17,5.294e-17,7.976e-18,9.199e-18,1.333e-17,1.329e-17,5.709e-21,9.961e-21
50.64,7.605e-14,2.157e-15,1.561e-16,2.965e-15,1.569e-15,1.022e-15,4.718e-16,3.118e-16,1.588e-16,5.573e-17,1.815e-17,2.595e-19,8.091e-19,3.403e-18,1.589e-18,4.75e-19,4.139e-19,2.996e-19,6.235e-19,3.62e-19,2.822e-19,1.494e-20,2.587e-21,1.115e-20,1.645e-22,3.893e-37,1.221e-18,4.356e-14,2.955e-17,2.513e-16,2.36e-17,1.012e-16,1.05e-17,3.531e-17,1.231e-17,5.597e-17,8.695e-18,1.062e-17,1.552e-17,1.591e-17,7.121e-21,1.307e-20
51.8,7.66e-14,2.21e-15,1.564e-16,3.031e-15,1.611e-15,1.054e-15,4.93e-16,3.279e-16,1.699e-16,6.047e-17,1.997e-17,3.046e-19,9.568e-19,4.024e-18,1.894e-18,5.686e-19,4.964e-19,3.606e-19,7.522e-19,4.385e-19,3.606e-19,1.865e-20,3.372e-21,1.491e-20,2.392e-22,3.866e-37,1.396e-18,4.373e-14,2.934e-17,2.495e-16,2.716e-17,1.005e-16,1.208e-17,3.583e-17,1.266e-17,5.925e-17,9.477e-18,1.22e-17,1.797e-17,1.894e-17,8.82e-21,1.702e-20
52.97,7.717e-14,2.262e-15,1.568e-16,3.096e-15,1.653e-15,1.085e-15,5.144e-16,3.442e-16,1.814e-16,6.543e-17,2.188e-17,3.557e-19,1.125e-18,4.733e-18,2.244e-18,6.768e-19,5.919e-19,4.316e-19,9.021e-19,5.28e-19,4.573e-19,2.311e-20,4.359e-21,1.976e-20,3.44e-22,3.831e-37,1.588e-18,4.392e-14,2.912e-17,2.477e-16,3.11e-17,9.976e-17,1.383e-17,3.643e-17,1.307e-17,6.28e-17,1.032e-17,1.395e-17,2.071e-17,2.242e-17,1.085e-20,2.197e-20
54.16,7.777e-14,2.315e-15,1.572e-16,3.16e-15,1.696e-15,1.117e-15,5.359e-16,3.607e-16,1.933e-16,7.059e-17,2.39e-17,4.133e-19,1.317e-18,5.538e-18,2.646e-18,8.012e-19,7.019e-19,5.136e-19,1.076e-18,6.32e-19,5.756e-19,2.842e-20,5.59e-21,2.596e-20,4.891e-22,3.805e-37,1.798e-18,4.412e-14,2.889e-17,2.458e-16,3.545e-17,9.898e-17,1.576e-17,3.712e-17,1.352e-17,6.662e-17,1.123e-17,1.587e-17,2.375e-17,2.638e-17,1.326e-20,2.815e-20
55.36,7.839e-14,2.367e-15,1.578e-16,3.224e-15,1.737e-15,1.148e-15,5.575e-16,3.773e-16,2.054e-16,7.596e-17,2.603e-17,4.78e-19,1.533e-18,6.447e-18,3.104e-18,9.433e-19,8.28e-19,6.08e-19,1.276e-18,7.521e-19,7.193e-19,3.471e-20,7.115e-21,3.383e-20,6.879e-22,3.776e-37,2.027e-18,4.433e-14,2.866e-17,2.438e-16,4.023e-17,9.818e-17,1.788e-17,3.789e-17,1.403e-17,7.074e-17,1.222e-17,1.798e-17,2.711e-17,3.089e-17,1.611e-20,3.58e-20
56.58,7.904e-14,2.419e-15,1.584e-16,3.287e-15,1.779e-15,1.179e-15,5.79e-16,3.941e-16,2.178e-16,8.153e-17,2.825e-17,5.502e-19,1.777e-18,7.47e-18,3.623e-18,1.105e-18,9.718e-19,7.159e-19,1.505e-18,8.902e-19,8.927e-19,4.21e-20,8.99e-21,4.375e-20,9.576e-22,3.741e-37,2.276e-18,4.456e-14,2.842e-17,2.417e-16,4.546e-17,9.734e-17,2.02e-17,3.875e-17,1.459e-17,7.515e-17,1.327e-17,2.028e-17,3.081e-17,3.597e-17,1.946e-20,4.521e-20
57.81,7.972e-14,2.471e-15,1.591e-16,3.349e-15,1.82e-15,1.21e-15,6.006e-16,4.111e-16,2.305e-16,8.727e-17,3.058e-17,6.307e-19,2.05e-18,8.614e-18,4.209e-18,1.288e-18,1.135e-18,8.388e-19,1.767e-18,1.048e-18,1.101e-18,5.073e-20,1.128e-20,5.614e-20,1.32e-21,3.716e-37,2.544e-18,4.48e-14,2.817e-17,2.396e-16,5.116e-17,9.648e-17,2.273e-17,3.971e-17,1.521e-17,7.986e-17,1.439e-17,2.278e-17,3.487e-17,4.169e-17,2.336e-20,5.668e-20
59.05,8.042e-14,2.522e-15,1.6e-16,3.41e-15,1.86e-15,1.24e-15,6.221e-16,4.28e-16,2.434e-16,9.319e-17,3.299e-17,7.199e-19,2.354e-18,9.889e-18,4.867e-18,1.494e-18,1.319e-18,9.78e-19,2.064e-18,1.228e-18,1.348e-18,6.074e-20,1.406e-20,7.151e-20,1.802e-21,3.673e-37,2.833e-18,4.505e-14,2.791e-17,2.374e-16,5.733e-17,9.559e-17,2.547e-17,4.077e-17,1.589e-17,8.487e-17,1.559e-17,2.548e-17,3.929e-17,4.809e-17,2.79e-20,7.061e-20
60.3,8.114e-14,2.573e-15,1.609e-16,3.469e-15,1.9e-15,1.269e-15,6.435e-16,4.451e-16,2.565e-16,9.928e-17,3.55e-17,8.183e-19,2.692e-18,1.13e-17,5.603e-18,1.726e-18,1.526e-18,1.135e-18,2.4e-18,1.431e-18,1.641e-18,7.23e-20,1.74e-20,9.046e-20,2.437e-21,3.629e-37,3.142e-18,4.532e-14,2.764e-17,2.352e-16,6.401e-17,9.467e-17,2.843e-17,4.194e-17,1.663e-17,9.02e-17,1.686e-17,2.84e-17,4.41e-17,5.522e-17,3.313e-20,8.74e-20
61.57,8.189e-14,2.623e-15,1.619e-16,3.528e-15,1.939e-15,1.298e-15,6.647e-16,4.621e-16,2.697e-16,1.055e-16,3.81e-17,9.264e-19,3.066e-18,1.287e-17,6.422e-18,1.984e-18,1.758e-18,1.311e-18,2.778e-18,1.66e-18,1.986e-18,8.555e-20,2.141e-20,1.137e-19,3.268e-21,3.612e-37,3.472e-18,4.56e-14,2.737e-17,2.328e-16,7.12e-17,9.372e-17,3.162e-17,4.322e-17,1.744e-17,9.584e-17,1.82e-17,3.153e-17,4.931e-17,6.312e-17,3.915e-20,1.075e-19
62.85,8.273e-14,2.677e-15,1.632e-16,3.596e-15,1.984e-15,1.33e-15,6.869e-16,4.802e-16,2.845e-16,1.124e-16,4.096e-17,1.053e-18,3.504e-18,1.47e-17,7.388e-18,2.289e-18,2.033e-18,1.52e-18,3.226e-18,1.931e-18,2.408e-18,1.014e-19,2.64e-20,1.431e-19,4.389e-21,3.566e-37,3.853e-18,4.592e-14,2.706e-17,2.303e-16,7.953e-17,9.266e-17,3.532e-17,4.471e-17,1.839e-17,1.023e-16,1.975e-17,3.516e-17,5.536e-17,7.241e-17,4.639e-20,1.325e-19
64.15,8.353e-14,2.725e-15,1.645e-16,3.651e-15,2.021e-15,1.358e-15,7.077e-16,4.971e-16,2.98e-16,1.189e-16,4.372e-17,1.183e-18,3.958e-18,1.659e-17,8.397e-18,2.609e-18,2.321e-18,1.74e-18,3.7e-18,2.219e-18,2.88e-18,1.187e-19,3.209e-20,1.774e-19,5.784e-21,3.533e-37,4.226e-18,4.624e-14,2.677e-17,2.278e-16,8.78e-17,9.166e-17,3.9e-17,4.623e-17,1.934e-17,1.086e-16,2.125e-17,3.875e-17,6.143e-17,8.205e-17,5.427e-20,1.611e-19
65.46,8.435e-14,2.772e-15,1.658e-16,3.705e-15,2.057e-15,1.385e-15,7.281e-16,5.138e-16,3.116e-16,1.255e-16,4.654e-17,1.324e-18,4.454e-18,1.866e-17,9.508e-18,2.961e-18,2.64e-18,1.985e-18,4.227e-18,2.539e-18,3.426e-18,1.382e-19,3.879e-20,2.186e-19,7.562e-21,3.487e-37,4.621e-18,4.657e-14,2.647e-17,2.252e-16,9.661e-17,9.063e-17,4.291e-17,4.786e-17,2.037e-17,1.152e-16,2.282e-17,4.256e-17,6.792e-17,9.261e-17,6.319e-20,1.947e-19
66.78,8.52e-14,2.818e-15,1.673e-16,3.757e-15,2.092e-15,1.411e-15,7.483e-16,5.304e-16,3.252e-16,1.322e-16,4.942e-17,1.477e-18,4.994e-18,2.091e-17,1.073e-17,3.348e-18,2.991e-18,2.254e-18,4.811e-18,2.894e-18,4.054e-18,1.6e-19,4.663e-20,2.679e-19,9.813e-21,3.449e-37,5.035e-18,4.692e-14,2.617e-17,2.226e-16,1.06e-16,8.958e-17,4.707e-17,4.962e-17,2.146e-17,1.221e-16,2.447e-17,4.66e-17,7.485e-17,1.041e-16,7.325e-20,2.342e-19
68.11,8.607e-14,2.863e-15,1.689e-16,3.808e-15,2.127e-15,1.436e-15,7.68e-16,5.468e-16,3.388e-16,1.389e-16,5.235e-17,1.642e-18,5.579e-18,2.334e-17,1.206e-17,3.772e-18,3.377e-18,2.551e-18,5.453e-18,3.284e-18,4.773e-18,1.844e-19,5.576e-20,3.264e-19,1.264e-20,3.399e-37,5.47e-18,4.728e-14,2.586e-17,2.2e-16,1.159e-16,8.85e-17,5.147e-17,5.15e-17,2.263e-17,1.293e-16,2.618e-17,5.086e-17,8.222e-17,1.167e-16,8.456e-20,2.801e-19
69.46,8.696e-14,2.907e-15,1.706e-16,3.856e-15,2.16e-15,1.461e-15,7.874e-16,5.63e-16,3.524e-16,1.457e-16,5.534e-17,1.82e-18,6.213e-18,2.597e-17,1.35e-17,4.234e-18,3.798e-18,2.876e-18,6.159e-18,3.713e-18,5.593e-18,2.116e-19,6.635e-20,3.956e-19,1.617e-20,3.368e-37,5.925e-18,4.765e-14,2.554e-17,2.172e-16,1.263e-16,8.74e-17,5.61e-17,5.35e-17,2.388e-17,1.368e-16,2.797e-17,5.534e-17,9.004e-17,1.302e-16,9.721e-20,3.335e-19
70.83,8.787e-14,2.949e-15,1.723e-16,3.903e-15,2.192e-15,1.484e-15,8.063e-16,5.789e-16,3.66e-16,1.526e-16,5.836e-17,2.011e-18,6.896e-18,2.88e-17,1.507e-17,4.736e-18,4.257e-18,3.231e-18,6.932e-18,4.183e-18,6.524e-18,2.417e-19,7.856e-20,4.768e-19,2.054e-20,3.307e-37,6.399e-18,4.804e-14,2.521e-17,2.145e-16,1.373e-16,8.629e-17,6.098e-17,5.563e-17,2.52e-17,1.445e-16,2.982e-17,6.005e-17,9.83e-17,1.449e-16,1.113e-19,3.951e-19
72.2,8.88e-14,2.99e-15,1.742e-16,3.948e-15,2.222e-15,1.507e-15,8.247e-16,5.946e-16,3.794e-16,1.594e-16,6.142e-17,2.215e-18,7.63e-18,3.184e-17,1.677e-17,5.28e-18,4.756e-18,3.617e-18,7.775e-18,4.695e-18,7.575e-18,2.749e-19,9.259e-20,5.719e-19,2.592e-20,3.271e-37,6.892e-18,4.845e-14,2.488e-17,2.116e-16,1.488e-16,8.515e-17,6.61e-17,5.789e-17,2.659e-17,1.526e-16,3.174e-17,6.497e-17,1.07e-16,1.606e-16,1.27e-19,4.659e-19
73.59,8.974e-14,3.03e-15,1.762e-16,3.99e-15,2.252e-15,1.529e-15,8.426e-16,6.099e-16,3.927e-16,1.663e-16,6.45e-17,2.433e-18,8.417e-18,3.509e-17,1.861e-17,5.867e-18,5.296e-18,4.036e-18,8.691e-18,5.251e-18,8.756e-18,3.113e-19,1.086e-19,6.826e-19,3.25e-20,3.234e-37,7.403e-18,4.887e-14,2.455e-17,2.088e-16,1.608e-16,8.399e-17,7.145e-17,6.027e-17,2.805e-17,1.609e-16,3.372e-17,7.009e-17,1.162e-16,1.775e-16,1.443e-19,5.471e-19
74.99,9.07e-14,3.068e-15,1.783e-16,4.031e-15,2.28e-15,1.55e-15,8.599e-16,6.248e-16,4.059e-16,1.732e-16,6.76e-17,2.664e-18,9.258e-18,3.856e-17,2.058e-17,6.499e-18,5.879e-18,4.489e-18,9.685e-18,5.853e-18,1.008e-17,3.512e-19,1.269e-19,8.109e-19,4.051e-20,3.187e-37,7.931e-18,4.93e-14,2.421e-17,2.059e-16,1.733e-16,8.282e-17,7.703e-17,6.277e-17,2.959e-17,1.694e-16,3.576e-17,7.543e-17,1.258e-16,1.955e-16,1.634e-19,6.396e-19
76.41,9.167e-14,3.105e-15,1.805e-16,4.069e-15,2.307e-15,1.569e-15,8.767e-16,6.394e-16,4.189e-16,1.8e-16,7.071e-17,2.91e-18,1.015e-17,4.224e-17,2.269e-17,7.177e-18,6.506e-18,4.978e-18,1.076e-17,6.503e-18,1.156e-17,3.946e-19,1.476e-19,9.59e-19,5.02e-20,3.156e-37,8.475e-18,4.975e-14,2.387e-17,2.029e-16,1.864e-16,8.164e-17,8.283e-17,6.539e-17,3.12e-17,1.782e-16,3.786e-17,8.096e-17,1.358e-16,2.148e-16,1.844e-19,7.447e-19
77.84,9.256e-14,3.131e-15,1.826e-16,4.102e-15,2.323e-15,1.579e-15,8.883e-16,6.502e-16,4.291e-16,1.856e-16,7.33e-17,3.15e-18,1.104e-17,4.586e-17,2.479e-17,7.853e-18,7.133e-18,5.468e-18,1.184e-17,7.157e-18,1.311e-17,4.391e-19,1.7e-19,1.123e-18,6.157e-20,3.102e-37,8.977e-18,5.018e-14,2.355e-17,2.001e-16,1.987e-16,8.053e-17,8.83e-17,6.79e-17,3.274e-17,1.863e-16,3.978e-17,8.615e-17,1.453e-16,2.337e-16,2.061e-19,8.584e-19
79.28,9.356e-14,3.165e-15,1.85e-16,4.136e-15,2.347e-15,1.597e-15,9.039e-16,6.639e-16,4.416e-16,1.923e-16,7.64e-17,3.423e-18,1.204e-17,4.997e-17,2.718e-17,8.624e-18,7.849e-18,6.028e-18,1.308e-17,7.903e-18,1.492e-17,4.899e-19,1.961e-19,1.316e-18,7.544e-20,3.047e-37,9.548e-18,5.065e-14,2.32e-17,1.971e-16,2.126e-16,7.933e-17,9.45e-17,7.075e-17,3.449e-17,1.955e-16,4.197e-17,9.203e-17,1.561e-16,2.553e-16,2.31e-19,9.917e-19
80.74,9.456e-14,3.196e-15,1.875e-16,4.167e-15,2.37e-15,1.613e-15,9.189e-16,6.773e-16,4.539e-16,1.989e-16,7.949e-17,3.71e-18,1.31e-17,5.432e-17,2.973e-17,9.444e-18,8.614e-18,6.627e-18,1.44e-17,8.702e-18,1.691e-17,5.447e-19,2.255e-19,1.537e-18,9.193e-20,3e-37,1.013e-17,5.113e-14,2.285e-17,1.941e-16,2.27e-16,7.812e-17,1.009e-16,7.371e-17,3.63e-17,2.049e-16,4.42e-17,9.809e-17,1.673e-16,2.781e-16,2.582e-19,1.141e-18
82.21,9.557e-14,3.226e-15,1.9e-16,4.197e-15,2.391e-15,1.629e-15,9.332e-16,6.902e-16,4.66e-16,2.055e-16,8.256e-17,4.012e-18,1.422e-17,5.888e-17,3.243e-17,1.031e-17,9.428e-18,7.265e-18,1.582e-17,9.554e-18,1.91e-17,6.036e-19,2.582e-19,1.787e-18,1.115e-19,2.947e-37,1.073e-17,5.162e-14,2.25e-17,1.911e-16,2.418e-16,7.69e-17,1.075e-16,7.679e-17,3.817e-17,2.145e-16,4.648e-17,1.043e-16,1.79e-16,3.021e-16,2.878e-19,1.309e-18
83.69,9.659e-14,3.254e-15,1.926e-16,4.224e-15,2.411e-15,1.644e-15,9.469e-16,7.026e-16,4.777e-16,2.119e-16,8.56e-17,4.329e-18,1.54e-17,6.368e-17,3.53e-17,1.124e-17,1.029e-17,7.944e-18,1.733e-17,1.046e-17,2.15e-17,6.667e-19,2.947e-19,2.071e-18,1.345e-19,2.902e-37,1.134e-17,5.213e-14,2.215e-17,1.881e-16,2.57e-16,7.568e-17,1.143e-16,7.997e-17,4.011e-17,2.242e-16,4.88e-17,1.107e-16,1.91e-16,3.274e-16,3.198e-19,1.496e-18
85.19,9.761e-14,3.281e-15,1.953e-16,4.249e-15,2.43e-15,1.658e-15,9.6e-16,7.146e-16,4.891e-16,2.183e-16,8.862e-17,4.661e-18,1.663e-17,6.871e-17,3.832e-17,1.221e-17,1.121e-17,8.664e-18,1.894e-17,1.142e-17,2.411e-17,7.342e-19,3.352e-19,2.39e-18,1.615e-19,2.852e-37,1.195e-17,5.264e-14,2.179e-17,1.85e-16,2.726e-16,7.446e-17,1.213e-16,8.325e-17,4.212e-17,2.341e-16,5.115e-17,1.172e-16,2.033e-16,3.54e-16,3.543e-19,1.704e-18
86.7,9.864e-14,3.306e-15,1.981e-16,4.272e-15,2.448e-15,1.67e-15,9.724e-16,7.26e-16,5.003e-16,2.246e-16,9.159e-17,5.007e-18,1.793e-17,7.396e-17,4.151e-17,1.324e-17,1.218e-17,9.427e-18,2.065e-17,1.244e-17,2.697e-17,8.061e-19,3.799e-19,2.749e-18,1.93e-19,2.815e-37,1.258e-17,5.317e-14,2.143e-17,1.82e-16,2.886e-16,7.324e-17,1.284e-16,8.664e-17,4.417e-17,2.441e-16,5.354e-17,1.239e-16,2.161e-16,3.818e-16,3.916e-19,1.935e-18
88.22,9.967e-14,3.329e-15,2.009e-16,4.293e-15,2.464e-15,1.682e-15,9.841e-16,7.37e-16,5.111e-16,2.307e-16,9.453e-17,5.367e-18,1.929e-17,7.944e-17,4.486e-17,1.432e-17,1.32e-17,1.023e-17,2.246e-17,1.352e-17,3.006e-17,8.825e-19,4.293e-19,3.15e-18,2.296e-19,2.781e-37,1.322e-17,5.37e-14,2.108e-17,1.789e-16,3.05e-16,7.201e-17,1.357e-16,9.012e-17,4.629e-17,2.542e-16,5.595e-17,1.307e-16,2.291e-16,4.108e-16,4.316e-19,2.19e-18
89.76,1.007e-13,3.351e-15,2.038e-16,4.312e-15,2.478e-15,1.693e-15,9.952e-16,7.475e-16,5.215e-16,2.366e-16,9.742e-17,5.743e-18,2.07e-17,8.515e-17,4.838e-17,1.545e-17,1.427e-17,1.108e-17,2.437e-17,1.465e-17,3.341e-17,9.634e-19,4.835e-19,3.598e-18,2.721e-19,2.718e-37,1.386e-17,5.425e-14,2.073e-17,1.759e-16,3.216e-16,7.079e-17,1.431e-16,9.369e-17,4.846e-17,2.645e-16,5.839e-17,1.376e-16,2.425e-16,4.411e-16,4.746e-19,2.471e-18
91.31,1.017e-13,3.37e-15,2.068e-16,4.328e-15,2.492e-15,1.702e-15,1.006e-15,7.574e-16,5.316e-16,2.425e-16,1.003e-16,6.132e-18,2.217e-17,9.108e-17,5.206e-17,1.664e-17,1.54e-17,1.197e-17,2.639e-17,1.585e-17,3.702e-17,1.049e-18,5.43e-19,4.097e-18,3.21e-19,2.671e-37,1.45e-17,5.48e-14,2.037e-17,1.728e-16,3.386e-16,6.958e-17,1.507e-16,9.734e-17,5.067e-17,2.748e-16,6.084e-17,1.446e-16,2.562e-16,4.726e-16,5.205e-19,2.78e-18
92.87,1.028e-13,3.388e-15,2.098e-16,4.343e-15,2.504e-15,1.711e-15,1.015e-15,7.669e-16,5.413e-16,2.482e-16,1.03e-16,6.536e-18,2.371e-17,9.722e-17,5.592e-17,1.789e-17,1.658e-17,1.291e-17,2.851e-17,1.71e-17,4.091e-17,1.139e-18,6.08e-19,4.65e-18,3.772e-19,2.628e-37,1.515e-17,5.535e-14,2.002e-17,1.698e-16,3.558e-16,6.836e-17,1.584e-16,1.011e-16,5.294e-17,2.852e-16,6.332e-17,1.517e-16,2.702e-16,5.054e-16,5.696e-19,3.119e-18
94.45,1.038e-13,3.405e-15,2.129e-16,4.355e-15,2.515e-15,1.719e-15,1.024e-15,7.759e-16,5.506e-16,2.537e-16,1.058e-16,6.954e-18,2.53e-17,1.036e-16,5.994e-17,1.918e-17,1.782e-17,1.389e-17,3.074e-17,1.841e-17,4.508e-17,1.234e-18,6.789e-19,5.262e-18,4.415e-19,2.59e-37,1.581e-17,5.592e-14,1.967e-17,1.668e-16,3.733e-16,6.716e-17,1.662e-16,1.049e-16,5.525e-17,2.956e-16,6.58e-17,1.589e-16,2.844e-16,5.394e-16,6.219e-19,3.49e-18
96.04,1.048e-13,3.42e-15,2.16e-16,4.361e-15,2.524e-15,1.729e-15,1.036e-15,7.855e-16,5.588e-16,2.586e-16,1.082e-16,7.382e-18,2.693e-17,1.101e-16,6.41e-17,2.053e-17,1.91e-17,1.491e-17,3.307e-17,1.977e-17,4.953e-17,1.333e-18,7.558e-19,5.936e-18,5.151e-19,2.535e-37,1.646e-17,5.648e-14,1.932e-17,1.638e-16,3.909e-16,6.598e-17,1.74e-16,1.087e-16,5.757e-17,3.06e-16,6.826e-17,1.661e-16,2.988e-16,5.742e-16,6.772e-19,3.894e-18
97.64,1.058e-13,3.434e-15,2.191e-16,4.37e-15,2.532e-15,1.735e-15,1.044e-15,7.935e-16,5.674e-16,2.638e-16,1.108e-16,7.827e-18,2.864e-17,1.169e-16,6.846e-17,2.193e-17,2.045e-17,1.598e-17,3.552e-17,2.12e-17,5.43e-17,1.438e-18,8.394e-19,6.678e-18,5.984e-19,2.485e-37,1.711e-17,5.706e-14,1.898e-17,1.609e-16,4.088e-16,6.479e-17,1.82e-16,1.127e-16,5.996e-17,3.165e-16,7.076e-17,1.734e-16,3.135e-16,6.105e-16,7.363e-19,4.334e-18
99.26,1.068e-13,3.445e-15,2.223e-16,4.377e-15,2.539e-15,1.74e-15,1.051e-15,8.009e-16,5.757e-16,2.688e-16,1.134e-16,8.286e-18,3.04e-17,1.239e-16,7.3e-17,2.339e-17,2.185e-17,1.709e-17,3.808e-17,2.269e-17,5.939e-17,1.547e-18,9.299e-19,7.493e-18,6.927e-19,2.444e-37,1.777e-17,5.764e-14,1.864e-17,1.579e-16,4.268e-16,6.361e-17,1.901e-16,1.167e-16,6.238e-17,3.27e-16,7.326e-17,1.808e-16,3.285e-16,6.48e-16,7.988e-19,4.813e-18
100.9,1.078e-13,3.456e-15,2.255e-16,4.382e-15,2.545e-15,1.744e-15,1.057e-15,8.079e-16,5.835e-16,2.736e-16,1.158e-16,8.758e-18,3.222e-17,1.311e-16,7.77e-17,2.49e-17,2.331e-17,1.825e-17,4.076e-17,2.423e-17,6.48e-17,1.661e-18,1.028e-18,8.385e-18,7.992e-19,2.393e-37,1.843e-17,5.822e-14,1.83e-17,1.55e-16,4.451e-16,6.245e-17,1.982e-16,1.208e-16,6.483e-17,3.375e-16,7.576e-17,1.882e-16,3.436e-16,6.866e-16,8.65e-19,5.331e-18
102.5,1.088e-13,3.464e-15,2.287e-16,4.385e-15,2.55e-15,1.748e-15,1.063e-15,8.144e-16,5.91e-16,2.783e-16,1.182e-16,9.242e-18,3.409e-17,1.384e-16,8.257e-17,2.647e-17,2.482e-17,1.946e-17,4.355e-17,2.584e-17,7.054e-17,1.779e-18,1.133e-18,9.359e-18,9.19e-19,2.354e-37,1.908e-17,5.881e-14,1.796e-17,1.521e-16,4.634e-16,6.129e-17,2.065e-16,1.249e-16,6.73e-17,3.48e-16,7.826e-17,1.957e-16,3.589e-16,7.263e-16,9.35e-19,5.892e-18
104.2,1.098e-13,3.472e-15,2.32e-16,4.387e-15,2.554e-15,1.75e-15,1.069e-15,8.204e-16,5.98e-16,2.827e-16,1.205e-16,9.74e-18,3.602e-17,1.46e-16,8.76e-17,2.809e-17,2.639e-17,2.071e-17,4.645e-17,2.75e-17,7.662e-17,1.903e-18,1.246e-18,1.042e-17,1.053e-18,2.305e-37,1.974e-17,5.94e-14,1.763e-17,1.493e-16,4.819e-16,6.015e-17,2.147e-16,1.29e-16,6.98e-17,3.585e-16,8.076e-17,2.032e-16,3.744e-16,7.67e-16,1.009e-18,6.497e-18
105.9,1.108e-13,3.478e-15,2.353e-16,4.387e-15,2.557e-15,1.752e-15,1.073e-15,8.259e-16,6.047e-16,2.87e-16,1.227e-16,1.025e-17,3.8e-17,1.538e-16,9.281e-17,2.976e-17,2.801e-17,2.2e-17,4.947e-17,2.922e-17,8.304e-17,2.031e-18,1.367e-18,1.157e-17,1.204e-18,2.267e-37,2.039e-17,6e-14,1.73e-17,1.465e-16,5.005e-16,5.903e-17,2.23e-16,1.332e-16,7.233e-17,3.689e-16,8.324e-17,2.106e-16,3.901e-16,8.089e-16,1.086e-18,7.15e-18
107.6,1.118e-13,3.482e-15,2.386e-16,4.386e-15,2.558e-15,1.753e-15,1.078e-15,8.31e-16,6.111e-16,2.912e-16,1.249e-16,1.077e-17,4.004e-17,1.617e-16,9.818e-17,3.149e-17,2.969e-17,2.334e-17,5.26e-17,3.1e-17,8.982e-17,2.163e-18,1.497e-18,1.282e-17,1.372e-18,2.225e-37,2.103e-17,6.059e-14,1.698e-17,1.437e-16,5.191e-16,5.792e-17,2.314e-16,1.374e-16,7.487e-17,3.793e-16,8.571e-17,2.181e-16,4.059e-16,8.517e-16,1.168e-18,7.851e-18
109.2,1.127e-13,3.486e-15,2.419e-16,4.383e-15,2.559e-15,1.754e-15,1.081e-15,8.357e-16,6.17e-16,2.951e-16,1.269e-16,1.131e-17,4.212e-17,1.698e-16,1.037e-16,3.326e-17,3.142e-17,2.472e-17,5.585e-17,3.284e-17,9.695e-17,2.3e-18,1.636e-18,1.418e-17,1.558e-18,2.179e-37,2.167e-17,6.119e-14,1.666e-17,1.41e-16,5.377e-16,5.682e-17,2.397e-16,1.417e-16,7.742e-17,3.896e-16,8.818e-17,2.256e-16,4.217e-16,8.956e-16,1.254e-18,8.604e-18
111,1.137e-13,3.488e-15,2.453e-16,4.379e-15,2.559e-15,1.754e-15,1.084e-15,8.399e-16,6.226e-16,2.988e-16,1.289e-16,1.185e-17,4.426e-17,1.781e-16,1.094e-16,3.509e-17,3.32e-17,2.614e-17,5.922e-17,3.473e-17,1.045e-16,2.442e-18,1.785e-18,1.564e-17,1.765e-18,2.139e-37,2.231e-17,6.179e-14,1.635e-17,1.383e-16,5.564e-16,5.575e-17,2.481e-16,1.46e-16,7.999e-17,3.999e-16,9.062e-17,2.331e-16,4.377e-16,9.404e-16,1.344e-18,9.411e-18
112.7,1.146e-13,3.488e-15,2.486e-16,4.373e-15,2.558e-15,1.753e-15,1.087e-15,8.437e-16,6.279e-16,3.024e-16,1.308e-16,1.241e-17,4.644e-17,1.865e-16,1.153e-16,3.697e-17,3.503e-17,2.761e-17,6.27e-17,3.667e-17,1.123e-16,2.588e-18,1.942e-18,1.722e-17,1.994e-18,2.101e-37,2.294e-17,6.239e-14,1.604e-17,1.357e-16,5.751e-16,5.469e-17,2.565e-16,1.503e-16,8.257e-17,4.101e-16,9.305e-17,2.405e-16,4.538e-16,9.862e-16,1.438e-18,1.027e-17
114.4,1.155e-13,3.488e-15,2.519e-16,4.366e-15,2.556e-15,1.751e-15,1.089e-15,8.471e-16,6.328e-16,3.058e-16,1.327e-16,1.298e-17,4.868e-17,1.951e-16,1.213e-16,3.89e-17,3.692e-17,2.912e-17,6.629e-17,3.867e-17,1.206e-16,2.739e-18,2.11e-18,1.892e-17,2.247e-18,2.06e-37,2.356e-17,6.299e-14,1.574e-17,1.331e-16,5.938e-16,5.364e-17,2.648e-16,1.546e-16,8.516e-17,4.202e-16,9.546e-17,2.48e-16,4.699e-16,1.033e-15,1.536e-18,1.12e-17
116.2,1.164e-13,3.487e-15,2.553e-16,4.358e-15,2.553e-15,1.749e-15,1.091e-15,8.501e-16,6.373e-16,3.09e-16,1.344e-16,1.355e-17,5.096e-17,2.039e-16,1.275e-16,4.087e-17,3.886e-17,3.067e-17,7.001e-17,4.073e-17,1.292e-16,2.894e-18,2.288e-18,2.075e-17,2.526e-18,2.019e-37,2.418e-17,6.359e-14,1.544e-17,1.305e-16,6.124e-16,5.262e-17,2.732e-16,1.589e-16,8.775e-17,4.302e-16,9.784e-17,2.553e-16,4.861e-16,1.08e-15,1.639e-18,1.218e-17
117.9,1.173e-13,3.484e-15,2.586e-16,4.348e-15,2.549e-15,1.746e-15,1.092e-15,8.527e-16,6.415e-16,3.12e-16,1.361e-16,1.414e-17,5.329e-17,2.128e-16,1.338e-16,4.29e-17,4.085e-17,3.227e-17,7.384e-17,4.283e-17,1.382e-16,3.053e-18,2.477e-18,2.271e-17,2.832e-18,1.978e-37,2.478e-17,6.419e-14,1.515e-17,1.28e-16,6.31e-16,5.161e-17,2.815e-16,1.633e-16,9.034e-17,4.401e-16,1.002e-16,2.627e-16,5.023e-16,1.129e-15,1.747e-18,1.323e-17
119.7,1.183e-13,3.489e-15,2.62e-16,4.35e-15,2.555e-15,1.751e-15,1.095e-15,8.556e-16,6.449e-16,3.146e-16,1.377e-16,1.475e-17,5.57e-17,2.219e-16,1.404e-16,4.5e-17,4.292e-17,3.392e-17,7.783e-17,4.502e-17,1.477e-16,3.218e-18,2.678e-18,2.482e-17,3.172e-18,1.942e-37,2.54e-17,6.481e-14,1.484e-17,1.253e-16,6.5e-16,5.056e-17,2.901e-16,1.677e-16,9.299e-17,4.503e-16,1.026e-16,2.702e-16,5.189e-16,1.179e-15,1.86e-18,1.435e-17
121.5,1.191e-13,3.484e-15,2.653e-16,4.338e-15,2.55e-15,1.747e-15,1.095e-15,8.575e-16,6.485e-16,3.173e-16,1.392e-16,1.536e-17,5.811e-17,2.311e-16,1.47e-16,4.711e-17,4.5e-17,3.56e-17,8.189e-17,4.722e-17,1.574e-16,3.386e-18,2.889e-18,2.707e-17,3.54e-18,1.901e-37,2.599e-17,6.541e-14,1.456e-17,1.229e-16,6.685e-16,4.959e-17,2.983e-16,1.72e-16,9.558e-17,4.6e-16,1.049e-16,2.774e-16,5.352e-16,1.229e-15,1.977e-18,1.553e-17
123.3,1.2e-13,3.478e-15,2.686e-16,4.325e-15,2.544e-15,1.742e-15,1.095e-15,8.59e-16,6.517e-16,3.199e-16,1.406e-16,1.598e-17,6.057e-17,2.404e-16,1.538e-16,4.928e-17,4.714e-17,3.731e-17,8.607e-17,4.948e-17,1.676e-16,3.557e-18,3.111e-18,2.946e-17,3.941e-18,1.866e-37,2.658e-17,6.601e-14,1.428e-17,1.205e-16,6.868e-16,4.864e-17,3.066e-16,1.763e-16,9.816e-17,4.696e-16,1.072e-16,2.846e-16,5.514e-16,1.28e-15,2.099e-18,1.679e-17
125.1,1.208e-13,3.472e-15,2.72e-16,4.311e-15,2.537e-15,1.738e-15,1.095e-15,8.603e-16,6.547e-16,3.222e-16,1.42e-16,1.661e-17,6.308e-17,2.498e-16,1.608e-16,5.149e-17,4.933e-17,3.907e-17,9.036e-17,5.178e-17,1.782e-16,3.732e-18,3.346e-18,3.202e-17,4.379e-18,1.828e-37,2.715e-17,6.661e-14,1.401e-17,1.182e-16,7.051e-16,4.771e-17,3.148e-16,1.807e-16,1.007e-16,4.79e-16,1.095e-16,2.918e-16,5.677e-16,1.332e-15,2.225e-18,1.812e-17
127,1.217e-13,3.465e-15,2.753e-16,4.296e-15,2.53e-15,1.732e-15,1.094e-15,8.612e-16,6.574e-16,3.244e-16,1.433e-16,1.724e-17,6.562e-17,2.593e-16,1.679e-16,5.374e-17,5.156e-17,4.086e-17,9.476e-17,5.413e-17,1.891e-16,3.912e-18,3.592e-18,3.473e-17,4.855e-18,1.794e-37,2.771e-17,6.72e-14,1.375e-17,1.159e-16,7.232e-16,4.68e-17,3.229e-16,1.85e-16,1.033e-16,4.884e-16,1.117e-16,2.988e-16,5.839e-16,1.384e-15,2.356e-18,1.953e-17
128.8,1.225e-13,3.456e-15,2.786e-16,4.281e-15,2.523e-15,1.727e-15,1.093e-15,8.618e-16,6.598e-16,3.265e-16,1.445e-16,1.789e-17,6.82e-17,2.689e-16,1.751e-16,5.604e-17,5.384e-17,4.269e-17,9.928e-17,5.653e-17,2.005e-16,4.095e-18,3.851e-18,3.762e-17,5.372e-18,1.757e-37,2.827e-17,6.779e-14,1.349e-17,1.137e-16,7.412e-16,4.59e-17,3.31e-16,1.893e-16,1.059e-16,4.976e-16,1.139e-16,3.058e-16,6.001e-16,1.437e-15,2.493e-18,2.101e-17
130.7,1.233e-13,3.448e-15,2.819e-16,4.265e-15,2.514e-15,1.721e-15,1.092e-15,8.621e-16,6.619e-16,3.284e-16,1.456e-16,1.854e-17,7.083e-17,2.787e-16,1.825e-16,5.838e-17,5.616e-17,4.455e-17,1.039e-16,5.897e-17,2.122e-16,4.282e-18,4.123e-18,4.069e-17,5.932e-18,1.724e-37,2.881e-17,6.838e-14,1.323e-17,1.115e-16,7.591e-16,4.503e-17,3.39e-16,1.935e-16,1.084e-16,5.067e-16,1.161e-16,3.127e-16,6.163e-16,1.491e-15,2.634e-18,2.258e-17
132.5,1.241e-13,3.438e-15,2.851e-16,4.248e-15,2.506e-15,1.715e-15,1.09e-15,8.621e-16,6.638e-16,3.302e-16,1.467e-16,1.92e-17,7.349e-17,2.885e-16,1.9e-16,6.076e-17,5.853e-17,4.646e-17,1.087e-16,6.146e-17,2.244e-16,4.472e-18,4.408e-18,4.394e-17,6.538e-18,1.69e-37,2.934e-17,6.897e-14,1.299e-17,1.094e-16,7.768e-16,4.418e-17,3.47e-16,1.978e-16,1.109e-16,5.157e-16,1.183e-16,3.195e-16,6.324e-16,1.545e-15,2.78e-18,2.424e-17
134.4,1.248e-13,3.428e-15,2.884e-16,4.23e-15,2.497e-15,1.708e-15,1.088e-15,8.619e-16,6.654e-16,3.318e-16,1.477e-16,1.987e-17,7.619e-17,2.985e-16,1.977e-16,6.318e-17,6.095e-17,4.839e-17,1.135e-16,6.399e-17,2.37e-16,4.666e-18,4.706e-18,4.739e-17,7.193e-18,1.659e-37,2.986e-17,6.956e-14,1.274e-17,1.073e-16,7.943e-16,4.334e-17,3.549e-16,2.02e-16,1.134e-16,5.245e-16,1.204e-16,3.263e-16,6.484e-16,1.6e-15,2.932e-18,2.598e-17
136.3,1.256e-13,3.417e-15,2.916e-16,4.212e-15,2.487e-15,1.701e-15,1.086e-15,8.614e-16,6.667e-16,3.333e-16,1.487e-16,2.055e-17,7.892e-17,3.085e-16,2.055e-16,6.564e-17,6.34e-17,5.037e-17,1.185e-16,6.656e-17,2.499e-16,4.863e-18,5.018e-18,5.103e-17,7.9e-18,1.629e-37,3.038e-17,7.014e-14,1.25e-17,1.053e-16,8.117e-16,4.252e-17,3.627e-16,2.062e-16,1.159e-16,5.332e-16,1.225e-16,3.329e-16,6.644e-16,1.656e-15,3.089e-18,2.782e-17
138.2,1.264e-13,3.406e-15,2.949e-16,4.194e-15,2.477e-15,1.694e-15,1.084e-15,8.607e-16,6.679e-16,3.346e-16,1.495e-16,2.123e-17,8.169e-17,3.186e-16,2.134e-16,6.815e-17,6.59e-17,5.237e-17,1.236e-16,6.916e-17,2.632e-16,5.064e-18,5.344e-18,5.488e-17,8.66e-18,1.596e-37,3.088e-17,7.073e-14,1.227e-17,1.033e-16,8.29e-16,4.172e-17,3.705e-16,2.104e-16,1.184e-16,5.418e-16,1.245e-16,3.395e-16,6.803e-16,1.712e-15,3.252e-18,2.975e-17
140.2,1.271e-13,3.394e-15,2.981e-16,4.174e-15,2.467e-15,1.686e-15,1.081e-15,8.598e-16,6.688e-16,3.358e-16,1.504e-16,2.193e-17,8.45e-17,3.288e-16,2.215e-16,7.069e-17,6.844e-17,5.441e-17,1.288e-16,7.181e-17,2.77e-16,5.268e-18,5.684e-18,5.894e-17,9.478e-18,1.569e-37,3.137e-17,7.131e-14,1.204e-17,1.013e-16,8.46e-16,4.094e-17,3.782e-16,2.146e-16,1.209e-16,5.502e-16,1.266e-16,3.46e-16,6.961e-16,1.769e-15,3.419e-18,3.178e-17
142.1,1.278e-13,3.381e-15,3.013e-16,4.155e-15,2.456e-15,1.679e-15,1.078e-15,8.587e-16,6.695e-16,3.369e-16,1.511e-16,2.263e-17,8.733e-17,3.391e-16,2.296e-16,7.327e-17,7.102e-17,5.649e-17,1.341e-16,7.45e-17,2.911e-16,5.475e-18,6.039e-18,6.322e-17,1.036e-17,1.539e-37,3.185e-17,7.188e-14,1.182e-17,9.942e-17,8.629e-16,4.018e-17,3.858e-16,2.187e-16,1.233e-16,5.585e-16,1.285e-16,3.523e-16,7.118e-16,1.826e-15,3.593e-18,3.39e-17
144.1,1.285e-13,3.368e-15,3.044e-16,4.134e-15,2.445e-15,1.671e-15,1.075e-15,8.573e-16,6.7e-16,3.379e-16,1.518e-16,2.333e-17,9.021e-17,3.494e-16,2.38e-16,7.589e-17,7.364e-17,5.859e-17,1.395e-16,7.722e-17,3.056e-16,5.685e-18,6.408e-18,6.772e-17,1.13e-17,1.507e-37,3.232e-17,7.246e-14,1.16e-17,9.756e-17,8.796e-16,3.944e-17,3.933e-16,2.228e-16,1.257e-16,5.666e-16,1.305e-16,3.586e-16,7.275e-16,1.884e-15,3.772e-18,3.613e-17
146,1.291e-13,3.343e-15,3.076e-16,4.103e-15,2.424e-15,1.653e-15,1.065e-15,8.515e-16,6.681e-16,3.38e-16,1.522e-16,2.403e-17,9.305e-17,3.596e-16,2.463e-16,7.849e-17,7.626e-17,6.069e-17,1.45e-16,7.993e-17,3.204e-16,5.895e-18,6.789e-18,7.244e-17,1.23e-17,1.483e-37,3.277e-17,7.301e-14,1.141e-17,9.589e-17,8.955e-16,3.877e-17,4.005e-16,2.267e-16,1.281e-16,5.743e-16,1.324e-16,3.646e-16,7.426e-16,1.941e-15,3.954e-18,3.846e-17
148,1.298e-13,3.33e-15,3.107e-16,4.082e-15,2.413e-15,1.645e-15,1.062e-15,8.499e-16,6.683e-16,3.387e-16,1.528e-16,2.475e-17,9.599e-17,3.701e-16,2.548e-16,8.118e-17,7.895e-17,6.286e-17,1.506e-16,8.273e-17,3.357e-16,6.111e-18,7.187e-18,7.742e-17,1.338e-17,1.455e-37,3.322e-17,7.358e-14,1.121e-17,9.411e-17,9.118e-16,3.806e-17,4.078e-16,2.308e-16,1.304e-16,5.821e-16,1.343e-16,3.707e-16,7.581e-16,1.999e-15,4.145e-18,4.09e-17
150,1.305e-13,3.316e-15,3.139e-16,4.061e-15,2.401e-15,1.637e-15,1.058e-15,8.481e-16,6.682e-16,3.394e-16,1.533e-16,2.548e-17,9.895e-17,3.807e-16,2.635e-16,8.39e-17,8.168e-17,6.505e-17,1.563e-16,8.555e-17,3.514e-16,6.33e-18,7.602e-18,8.264e-17,1.453e-17,1.428e-37,3.365e-17,7.414e-14,1.1e-17,9.238e-17,9.279e-16,3.736e-17,4.151e-16,2.347e-16,1.328e-16,5.899e-16,1.361e-16,3.767e-16,7.734e-16,2.059e-15,4.341e-18,4.346e-17
